mothersday,2008051114,1
mothersday,2009030419,1
mothersday,2009031611,4
mothersday,2009031613,2
mothersday,2009031615,1
mothersday,2009031617,1
mothersday,2009031712,1
mothersday,2009031714,1
mothersday,2009031814,1
mothersday,2009031815,1
mothersday,2009031821,1
mothersday,2009032008,1
mothersday,2009032109,1
mothersday,2009032110,1
mothersday,2009032114,1
mothersday,2009032207,1
mothersday,2009032210,1
mothersday,2009032211,1
mothersday,2009032217,1
mothersday,2009040113,1
mothersday,2009040813,1
mothersday,2009041006,1
mothersday,2009041016,1
mothersday,2009041019,1
mothersday,2009041112,1
mothersday,2009041319,1
mothersday,2009041322,2
mothersday,2009041415,1
mothersday,2009041419,2
mothersday,2009041422,2
mothersday,2009041504,1
mothersday,2009041603,1
mothersday,2009041617,1
mothersday,2009041619,1
mothersday,2009041620,1
mothersday,2009041709,1
mothersday,2009041814,1
mothersday,2009041901,1
mothersday,2009042008,1
mothersday,2009042105,1
mothersday,2009042302,1
mothersday,2009042311,1
mothersday,2009042312,1
mothersday,2009042415,1
mothersday,2009042418,1
mothersday,2009042503,1
mothersday,2009042616,2
mothersday,2009042620,1
mothersday,2009042702,1
mothersday,2009042716,1
mothersday,2009042800,2
mothersday,2009042802,2
mothersday,2009042803,1
mothersday,2009042810,1
mothersday,2009042812,2
mothersday,2009042813,1
mothersday,2009042816,2
mothersday,2009042819,2
mothersday,2009042820,2
mothersday,2009042823,3
mothersday,2009042904,1
mothersday,2009042908,3
mothersday,2009042911,1
mothersday,2009042913,1
mothersday,2009042915,2
mothersday,2009042916,1
mothersday,2009042919,2
mothersday,2009042921,1
mothersday,2009042922,3
mothersday,2009042923,3
mothersday,2009043004,2
mothersday,2009043007,1
mothersday,2009043009,1
mothersday,2009043013,1
mothersday,2009043014,2
mothersday,2009043020,1
mothersday,2009043021,1
mothersday,2009043022,2
mothersday,2009043023,1
mothersday,2009050101,1
mothersday,2009050107,1
mothersday,2009050111,1
mothersday,2009050113,1
mothersday,2009050114,1
mothersday,2009050115,2
mothersday,2009050117,1
mothersday,2009050118,1
mothersday,2009050119,1
mothersday,2009050120,2
mothersday,2009050122,2
mothersday,2009050123,1
mothersday,2009050201,1
mothersday,2009050202,1
mothersday,2009050203,1
mothersday,2009050204,1
mothersday,2009050206,1
mothersday,2009050211,2
mothersday,2009050213,2
mothersday,2009050217,3
mothersday,2009050218,1
mothersday,2009050219,2
mothersday,2009050220,2
mothersday,2009050221,1
mothersday,2009050222,1
mothersday,2009050300,1
mothersday,2009050303,1
mothersday,2009050304,1
mothersday,2009050305,5
mothersday,2009050310,1
mothersday,2009050314,1
mothersday,2009050318,2
mothersday,2009050323,1
mothersday,2009050400,1
mothersday,2009050401,2
mothersday,2009050402,2
mothersday,2009050403,2
mothersday,2009050406,1
mothersday,2009050408,1
mothersday,2009050409,1
mothersday,2009050412,3
mothersday,2009050415,3
mothersday,2009050416,2
mothersday,2009050417,5
mothersday,2009050418,3
mothersday,2009050420,1
mothersday,2009050421,4
mothersday,2009050422,1
mothersday,2009050423,1
mothersday,2009050500,1
mothersday,2009050501,2
mothersday,2009050506,1
mothersday,2009050509,1
mothersday,2009050510,1
mothersday,2009050512,2
mothersday,2009050513,1
mothersday,2009050514,1
mothersday,2009050515,4
mothersday,2009050516,1
mothersday,2009050517,1
mothersday,2009050518,1
mothersday,2009050519,2
mothersday,2009050520,7
mothersday,2009050521,2
mothersday,2009050522,1
mothersday,2009050523,1
mothersday,2009050600,3
mothersday,2009050601,1
mothersday,2009050603,1
mothersday,2009050605,1
mothersday,2009050610,2
mothersday,2009050611,3
mothersday,2009050612,1
mothersday,2009050613,1
mothersday,2009050614,2
mothersday,2009050615,3
mothersday,2009050616,3
mothersday,2009050617,2
mothersday,2009050618,2
mothersday,2009050619,7
mothersday,2009050620,2
mothersday,2009050621,3
mothersday,2009050622,2
mothersday,2009050623,3
mothersday,2009050700,1
mothersday,2009050702,2
mothersday,2009050703,3
mothersday,2009050704,2
mothersday,2009050705,1
mothersday,2009050709,1
mothersday,2009050711,1
mothersday,2009050712,1
mothersday,2009050714,1
mothersday,2009050715,1
mothersday,2009050716,3
mothersday,2009050717,4
mothersday,2009050718,1
mothersday,2009050719,2
mothersday,2009050720,1
mothersday,2009050721,3
mothersday,2009050723,3
mothersday,2009050800,1
mothersday,2009050802,1
mothersday,2009050803,1
mothersday,2009050809,3
mothersday,2009050810,1
mothersday,2009050811,1
mothersday,2009050812,2
mothersday,2009050813,4
mothersday,2009050814,9
mothersday,2009050815,3
mothersday,2009050816,10
mothersday,2009050817,4
mothersday,2009050818,5
mothersday,2009050819,5
mothersday,2009050820,3
mothersday,2009050821,1
mothersday,2009050900,1
mothersday,2009050902,2
mothersday,2009050903,1
mothersday,2009050904,1
mothersday,2009050907,1
mothersday,2009050909,1
mothersday,2009050910,1
mothersday,2009050911,2
mothersday,2009050912,3
mothersday,2009050913,2
mothersday,2009050914,2
mothersday,2009050915,6
mothersday,2009050916,2
mothersday,2009050918,3
mothersday,2009050919,4
mothersday,2009050920,2
mothersday,2009050921,8
mothersday,2009050922,5
mothersday,2009050923,2
mothersday,2009051000,6
mothersday,2009051001,4
mothersday,2009051002,2
mothersday,2009051003,5
mothersday,2009051004,3
mothersday,2009051005,8
mothersday,2009051006,6
mothersday,2009051007,8
mothersday,2009051008,4
mothersday,2009051009,4
mothersday,2009051010,6
mothersday,2009051011,10
mothersday,2009051012,13
mothersday,2009051013,42
mothersday,2009051014,57
mothersday,2009051015,46
mothersday,2009051016,54
mothersday,2009051017,41
mothersday,2009051018,42
mothersday,2009051019,30
mothersday,2009051020,27
mothersday,2009051021,26
mothersday,2009051022,24
mothersday,2009051023,16
mothersday,2009051100,19
mothersday,2009051101,17
mothersday,2009051102,8
mothersday,2009051103,10
mothersday,2009051104,7
mothersday,2009051105,5
mothersday,2009051106,4
mothersday,2009051107,7
mothersday,2009051109,5
mothersday,2009051110,5
mothersday,2009051111,3
mothersday,2009051112,1
mothersday,2009051113,3
mothersday,2009051114,2
mothersday,2009051115,1
mothersday,2009051118,2
mothersday,2009051120,1
mothersday,2009051121,1
mothersday,2009051122,1
mothersday,2009051200,1
mothersday,2009051201,3
mothersday,2009051202,2
mothersday,2009051203,2
mothersday,2009051205,1
mothersday,2009051206,2
mothersday,2009051209,3
mothersday,2009051210,2
mothersday,2009051214,1
mothersday,2009051223,2
mothersday,2009051300,1
mothersday,2009051301,1
mothersday,2009051311,1
mothersday,2009051314,1
mothersday,2009051316,1
mothersday,2009051320,1
mothersday,2009051322,1
mothersday,2009051410,2
mothersday,2009051414,2
mothersday,2009051415,2
mothersday,2009051417,1
mothersday,2009051512,1
mothersday,2009051514,1
mothersday,2009051906,1
mothersday,2009052519,1
mothersday,2009062107,1
